{
  "itemName": "behemophethand",
  "loadDefault": false,
  "slotType": "head",
  "dropMobId": "lycanitesmobs:behemophet",
  "dropChance": 0.05,
  "levelMin": 1,
  "levelMax": 3,
  "elements": [
    "nether"
  ],
  "features": [
    {
      "featureType": "slot",
      "slotType": "jewel"
    },
    {
      "featureType": "projectile",
      "levelMax": 1,
      "projectileName": "hellfireball",
      "projectileTrigger": "primary",
      "projectilePattern": "simple",
      "cooldown": 30,
      "count": 1,
      "bonusDamage": 2
    },
    {
      "featureType": "projectile",
      "levelMin": 2,
      "levelMax": 2,
      "projectileName": "hellfireball",
      "projectileTrigger": "primary",
      "projectilePattern": "simple",
      "cooldown": 20,
      "count": 1,
      "bonusDamage": 5
    },
    {
      "featureType": "projectile",
      "levelMin": 3,
      "projectileName": "hellfireball",
      "projectileTrigger": "primary",
      "projectilePattern": "simple",
      "cooldown": 10,
      "count": 1,
      "bonusDamage": 12
    }
  ]
}