{
  "name": "jabberwock",
  "creatureType": "beast",
  "groups": [
    "monster"
  ],
  "entityClass": "com.lycanitesmobs.core.entity.creature.EntityJabberwock",
  "modelClass": "com.lycanitesmobs.client.model.creature.ModelJabberwock",
  "loadDefault": true,
  "enabled": true,
  "spawning": {
    "enabled": true,
    "spawners": [
      "land"
    ],
    "disableSubspecies": false,
    "dimensionIds": [
      "minecraft:the_nether",
      "minecraft:the_end"
    ],
    "dimensionListType": "blacklist",
    "ignoreBiome": false,
    "biomeTags": [
      "mountain"
    ],
    "spawnWeight": 8,
    "dungeonWeight": 200,
    "spawnAreaLimit": 5,
    "spawnGroupMin": 1,
    "spawnGroupMax": 3,
    "spawnsInLight": false,
    "spawnsInDark": true,
    "worldDayMin": -1,
    "despawnNatural": true,
    "despawnForced": false
  },
  "width": 0.8,
  "height": 3.6,
  "experience": 5,
  "health": 15,
  "defense": 0,
  "armor": 0,
  "speed": 26,
  "damage": 4,
  "attackSpeed": 1,
  "rangedSpeed": 1,
  "effectDuration": 5,
  "effectAmplifier": 1,
  "pierce": 1,
  "sight": 24,
  "knockbackResistance": 0.25,
  "bagSize": 5,
  "eggBackColor": "#662222",
  "eggForeColor": "#FFFFAA",
  "subspecies": [
    {
      "index": 0,
      "variants": [
        {
          "index": 1,
          "name": "dark",
          "type": "uncommon"
        },
        {
          "index": 2,
          "name": "russet",
          "type": "uncommon"
        }
      ]
    }
  ],
  "element": "earth",
  "diets": [
    "carnivore",
    "insectivore"
  ],
  "peaceful": false,
  "summonable": true,
  "tameable": false,
  "mountable": false,
  "summonCost": 2,
  "dungeonLevel": 0,
  "drops": [
    {
      "item": "minecraft:bone",
      "minAmount": 1,
      "maxAmount": 2,
      "chance": 1
    },
    {
      "item": "minecraft:leather",
      "minAmount": 1,
      "maxAmount": 2,
      "chance": 1
    }
  ],
  "sizeScale": 1,
  "hitboxScale": 1
}