{
  "name": "makaalpha",
  "creatureType": "beast",
  "groups": [
    "alpha"
  ],
  "entityClass": "com.lycanitesmobs.core.entity.creature.EntityMakaAlpha",
  "modelClass": "com.lycanitesmobs.client.model.creature.ModelMakaAlpha",
  "loadDefault": true,
  "enabled": true,
  "spawning": {
    "enabled": true,
    "spawners": [],
    "disableSubspecies": false,
    "dimensionIds": [
      "minecraft:the_nether",
      "minecraft:the_end"
    ],
    "dimensionListType": "blacklist",
    "ignoreBiome": false,
    "biomeTags": [
      "plains",
      "savanna",
      "-snowy"
    ],
    "spawnWeight": 1,
    "dungeonWeight": 0,
    "spawnAreaLimit": 5,
    "spawnGroupMin": 1,
    "spawnGroupMax": 3,
    "spawnsInLight": true,
    "spawnsInDark": false,
    "worldDayMin": -1,
    "despawnNatural": false,
    "despawnForced": false
  },
  "width": 3.9,
  "height": 3.9,
  "experience": 15,
  "health": 30,
  "defense": 0,
  "armor": 0,
  "speed": 28,
  "damage": 4,
  "attackSpeed": 1,
  "rangedSpeed": 1,
  "effectDuration": 5,
  "effectAmplifier": 0,
  "pierce": 1,
  "sight": 24,
  "knockbackResistance": 1,
  "bagSize": 5,
  "eggBackColor": "#663300",
  "eggForeColor": "#000000",
  "subspecies": [
    {
      "index": 0,
      "variants": [
        {
          "index": 1,
          "name": "golden",
          "type": "uncommon"
        },
        {
          "index": 2,
          "name": "verdant",
          "type": "uncommon"
        }
      ]
    }
  ],
  "element": "order",
  "diets": [
    "herbivore"
  ],
  "peaceful": true,
  "summonable": false,
  "tameable": false,
  "mountable": false,
  "summonCost": 2,
  "dungeonLevel": 0,
  "drops": [
    {
      "item": "minecraft:leather",
      "minAmount": 1,
      "maxAmount": 2,
      "chance": 1
    },
    {
      "item": "lycanitesmobs:raw_maka_meat",
      "burningItem": "lycanitesmobs:cooked_maka_meat",
      "minAmount": 1,
      "maxAmount": 3,
      "chance": 1
    }
  ],
  "sizeScale": 1,
  "hitboxScale": 1
}