{
  "name": "yeti",
  "creatureType": "anthronian",
  "groups": [
    "animal"
  ],
  "entityClass": "com.lycanitesmobs.core.entity.creature.EntityYeti",
  "modelClass": "com.lycanitesmobs.client.model.creature.ModelYeti",
  "loadDefault": true,
  "enabled": true,
  "spawning": {
    "enabled": true,
    "spawners": [
      "land_animal"
    ],
    "disableSubspecies": false,
    "dimensionIds": [
      "minecraft:the_nether",
      "minecraft:the_end"
    ],
    "dimensionListType": "blacklist",
    "ignoreBiome": false,
    "biomeTags": [
      "cold",
      "snowy",
      "coniferous",
      "-end"
    ],
    "spawnWeight": 10,
    "dungeonWeight": 0,
    "spawnAreaLimit": 5,
    "spawnGroupMin": 1,
    "spawnGroupMax": 4,
    "spawnsInLight": true,
    "spawnsInDark": false,
    "worldDayMin": -1,
    "despawnNatural": false,
    "despawnForced": false
  },
  "width": 1.8,
  "height": 2.8,
  "experience": 5,
  "health": 20,
  "defense": 2,
  "armor": 0,
  "speed": 28,
  "damage": 2,
  "attackSpeed": 1,
  "rangedSpeed": 1,
  "effectDuration": 5,
  "effectAmplifier": 0,
  "pierce": 1,
  "sight": 24,
  "knockbackResistance": 0.5,
  "bagSize": 5,
  "eggBackColor": "#EEEEFF",
  "eggForeColor": "#000099",
  "subspecies": [
    {
      "index": 0,
      "variants": [
        {
          "index": 1,
          "name": "russet",
          "type": "uncommon"
        },
        {
          "index": 2,
          "name": "violet",
          "type": "uncommon"
        }
      ]
    }
  ],
  "element": "frost",
  "diets": [
    "herbivore",
    "frugivore"
  ],
  "peaceful": true,
  "farmable": true,
  "summonable": true,
  "tameable": false,
  "mountable": false,
  "summonCost": 2,
  "dungeonLevel": 1,
  "drops": [
    {
      "item": "minecraft:snowball",
      "minAmount": 1,
      "maxAmount": 3,
      "chance": 0.25
    },
    {
      "item": "minecraft:packed_ice",
      "minAmount": 1,
      "maxAmount": 3,
      "chance": 0.25
    },
    {
      "item": "lycanitesmobs:raw_yeti_meat",
      "burningItem": "lycanitesmobs:cooked_yeti_meat",
      "minAmount": 2,
      "maxAmount": 5,
      "chance": 1
    },
    {
      "item": "lycanitesmobs:frostyfur",
      "minAmount": 1,
      "maxAmount": 2,
      "chance": 0.25
    }
  ],
  "sizeScale": 1,
  "hitboxScale": 1
}